id,first_name,last_name,email,gender,ip_address,emp_join_date,emp_country
1,Kristin,Whitwell,kwhitwell0@latimes.com,Male,89.47.112.183,21-02-2021,Cuba
2,Sandi,Mitrovic,smitrovic1@unesco.org,Female,238.220.9.210,22-02-2021,Finland
3,Tonnie,Sokale,tsokale2@blogs.com,Female,58.110.126.127,10-03-2021,France
4,Flossie,Carratt,fcarratt3@plala.or.jp,Female,162.239.121.12,12-02-2021,Canada
5,Leelah,Hinge,lhinge4@photobucket.com,Male,175.204.114.102,05-08-2020,"Bonaire, Saint Eustatius and Saba "
6,Dorey,Fullick,dfullick5@live.com,Female,125.207.206.69,24-04-2021,China
7,Ambur,McCaughan,amccaughan6@hubpages.com,Male,42.9.210.176,04-02-2021,Iran
8,Darrick,Fatharly,dfatharly7@hhs.gov,Male,48.101.76.90,23-09-2020,Indonesia
9,Vivian,Tankin,vtankin8@ameblo.jp,Male,82.32.140.220,18-06-2020,Thailand
10,Nowell,Puttnam,nputtnam9@gov.uk,Male,116.230.226.161,12-09-2020,United States
11,Loralie,Alasdair,lalasdaira@edublogs.org,Female,62.234.151.70,11-06-2020,Malaysia
12,Phil,Eede,peedeb@timesonline.co.uk,Female,194.97.242.13,15-01-2021,Venezuela
13,Banky,Crosbie,bcrosbiec@princeton.edu,Female,143.88.58.245,20-10-2020,Canada
14,Arvie,Fairest,afairestd@wunderground.com,Male,171.141.11.87,30-11-2020,South Korea
15,Jarrett,Mustill,jmustille@plala.or.jp,Female,221.103.213.25,28-02-2021,Indonesia
16,Adaline,Torpie,atorpief@mashable.com,Male,100.62.17.119,24-01-2021,Pakistan
17,Harrie,Whetson,hwhetsong@bloglines.com,Male,163.11.214.186,04-01-2021,Israel
18,Dana,Hekkert,dhekkerth@quantcast.com,Male,97.72.219.241,11-02-2021,Peru
19,Vaclav,Boij,vboiji@wufoo.com,Male,121.241.39.1,05-05-2021,Portugal
20,Lonny,Millthorpe,lmillthorpej@berkeley.edu,Female,247.213.146.128,23-02-2021,China
21,Mavra,Mennithorp,mmennithorpk@purevolume.com,Female,218.113.176.32,27-09-2020,China
22,Page,Beazey,pbeazeyl@chron.com,Female,203.65.61.174,27-11-2020,Portugal
23,Henry,Beswetherick,hbeswetherickm@freewebs.com,Male,92.172.94.189,23-10-2020,Belarus
24,Irene,Curcher,icurchern@umich.edu,Female,128.175.24.29,28-06-2020,China
25,Otes,Czapla,oczaplao@360.cn,Male,241.125.48.130,05-07-2020,Republic of the Congo
26,Buffy,Braidon,bbraidonp@pinterest.com,Male,128.229.253.125,26-09-2020,Lebanon
27,Florrie,Lemery,flemeryq@boston.com,Male,71.12.148.131,06-06-2020,Portugal
28,Tilly,Iley,tileyr@goodreads.com,Male,214.170.229.77,01-10-2020,China
29,Cull,Fairey,cfaireys@youku.com,Female,82.139.43.130,12-12-2020,Poland
30,Dody,Stetlye,dstetlyet@webeden.co.uk,Female,184.168.43.29,21-01-2021,Indonesia
31,Ash,Romer,aromeru@npr.org,Female,193.233.150.100,28-07-2020,China
32,Laverna,Scouller,lscoullerv@google.com,Male,251.234.148.77,31-01-2021,China
33,Meredithe,Bettam,mbettamw@artisteer.com,Female,189.129.128.92,06-03-2021,Indonesia
34,Marylin,Reddington,mreddingtonx@sohu.com,Male,237.200.26.150,21-09-2020,Mexico
35,Solly,Crennell,scrennelly@wisc.edu,Male,7.81.19.202,07-05-2020,China
36,Luciano,Brisset,lbrissetz@sourceforge.net,Male,207.65.152.183,20-02-2021,China
37,Laney,Otley,lotley10@wix.com,Male,111.48.187.137,31-01-2021,Indonesia
38,Nelia,Fryett,nfryett11@time.com,Female,44.246.156.30,19-04-2021,Finland
39,Jedd,McGirl,jmcgirl12@123-reg.co.uk,Female,142.104.230.133,06-01-2021,China
40,Tobin,O' Timony,totimony13@ask.com,Female,215.58.97.139,25-08-2020,Cyprus
41,Mart,Colicot,mcolicot14@dell.com,Male,229.60.144.164,01-06-2020,Mongolia
42,Man,Espinal,mespinal15@dmoz.org,Female,222.177.74.154,01-02-2021,France
43,Tallulah,Kirley,tkirley16@google.com.au,Male,76.100.5.76,16-02-2021,China
44,Bidget,Knuckles,bknuckles17@360.cn,Male,62.88.21.36,06-11-2020,China
45,Alanna,Macallam,amacallam18@de.vu,Male,234.7.214.93,17-11-2020,Cambodia
46,Nappy,Loan,nloan19@4shared.com,Male,240.156.210.67,17-11-2020,China
47,Morgan,Haylands,mhaylands1a@google.ca,Female,213.159.50.19,09-06-2020,Peru
48,Killie,Thandi,kthandi1b@surveymonkey.com,Female,191.39.39.171,29-05-2020,France
49,Briny,Anfosso,banfosso1c@prweb.com,Female,82.108.180.163,04-11-2020,Albania
50,Eolanda,Safont,esafont1d@istockphoto.com,Male,188.162.8.231,06-10-2020,Montenegro
51,Glori,Guinnane,gguinnane1e.jimdo.com,Kill,24.88.116.9000,16-04-2021,Poland
52,Claribel,Pyott,cpyott1f@washingtonpost.com,Male,126.59.247.199,04-10-2020,Indonesia
53,Sile,Iacomini,siacomini1g@examiner.com,Male,0.187.82.226,16-06-2020,New Zealand
54,Dav,MacFadin,dmacfadin1h@people.com.cn,Male,52.101.43.237,05-05-2021,Indonesia
55,Graham,Rawstorne,grawstorne1i@forbes.com,Male,10.206.109.225,20-09-2020,Poland
56,Simeon,Skippings,sskippings1j@de.vu,Female,186.250.47.178,23-08-2020,Poland
57,Hi,Zorener,hzorener1k@berkeley.edu,Female,1.19.177.114,22-02-2021,China
58,Wynnie,Human,whuman1l@unesco.org,Female,213.12.27.62,05-09-2020,Honduras
59,Olenka,Lemin,olemin1m@hibu.com,Male,131.89.148.254,06-08-2020,Norway
60,Joachim,Jeandeau,jjeandeau1n@msu.edu,Female,207.218.179.107,08-09-2020,Russia
61,Daniela,Vesco,dvesco1o@java.com,Male,200.67.93.235,06-08-2020,Indonesia
62,Isaiah,Putt,iputt1p@washington.edu,Male,80.64.74.105,17-02-2021,Japan
63,Berna,Kirley,bkirley1q@forbes.com,Male,88.156.139.215,15-12-2020,Peru
64,Bennie,Mart,bmart1r@sogou.com,Male,26.2.32.221,06-10-2020,Philippines
65,Jerri,Ort,jort1s@blogger.com,Female,3.10.154.44,04-03-2021,Thailand
66,Jameson,Layne,jlayne1t@biglobe.ne.jp,Female,37.170.59.75,01-06-2020,Brazil
67,Adora,Goakes,agoakes1u@feedburner.com,Female,47.57.63.234,23-08-2020,Indonesia
68,Fayina,Stoade,fstoade1v@github.io,Male,203.107.181.208,07-05-2020,China
69,Jolynn,Mackerel,jmackerel1w@hostgator.com,Female,86.5.20.163,15-05-2020,Belarus
70,Beryl,Oldacres,boldacres1x@tinyurl.com,Male,122.122.95.241,21-05-2020,Nigeria
71,Chas,Hiland,chiland1y@washington.edu,Male,116.5.165.255,13-01-2021,Argentina
72,Margo,Dovidaitis,mdovidaitis1z@is.gd,Male,96.43.79.171,06-02-2021,Sierra Leone
73,Vinnie,Dwire,vdwire20@upenn.edu,Male,55.82.103.57,17-11-2020,China
74,Worth,Roloff,wroloff21@engadget.com,Female,235.114.11.64,09-01-2021,Philippines
75,Yetta,Hollindale,yhollindale22@economist.com,Female,93.47.64.214,05-01-2021,Russia
76,Minnaminnie,Boyd,mboyd23@rakuten.co.jp,Female,214.107.217.95,03-04-2021,Ukraine
77,Forest,McCallion,fmccallion24@sbwire.com,Male,110.165.81.120,14-07-2020,Indonesia
78,Lorraine,Petruszka,lpetruszka25@fastcompany.com,Female,5.34.96.252,19-02-2021,Indonesia
79,Amye,Christofor,achristofor26@go.com,Male,136.212.251.89,03-05-2021,Russia
80,Roarke,Lenormand,rlenormand27@amazon.co.uk,Male,244.54.1.68,22-12-2020,Sri Lanka
81,Jobi,Howselee,jhowselee28@gov.uk,Male,242.37.4.202,31-12-2020,United States
82,Angelia,Sherringham,asherringham29@mapquest.com,Male,34.253.208.111,08-07-2020,Philippines
83,Isidor,Loomes,iloomes2a@nps.gov,Female,103.223.209.24,21-02-2021,Russia
84,Trenton,Jina,tjina2b@home.pl,Female,209.99.203.244,15-09-2020,Philippines
85,Raviv,Lambirth,rlambirth2c@example.com,Female,99.118.219.54,10-05-2020,China
86,Dorena,Scutchings,dscutchings2d@google.ru,Male,211.156.3.40,11-11-2020,Japan
87,Mariejeanne,Layborn,mlayborn2e@eventbrite.com,Female,191.248.129.240,08-07-2020,Albania
88,Mateo,Trundler,mtrundler2f@surveymonkey.com,Male,36.207.90.113,19-04-2021,Japan
89,Feliza,Stinson,fstinson2g@yahoo.co.jp,Male,66.115.128.255,07-08-2020,China
90,Valery,Hards,vhards2h@usgs.gov,Male,237.47.152.164,22-06-2020,United States
91,Charmain,Moorman,cmoorman2i@blog.com,Male,74.19.168.54,24-01-2021,Philippines
92,August,Varfolomeev,avarfolomeev2j@lycos.com,Female,50.146.160.46,17-03-2021,Russia
93,Selby,Evett,sevett2k@prnewswire.com,Female,70.172.172.0,16-12-2020,Brazil
94,Luigi,Yarrell,lyarrell2l@army.mil,Female,185.30.214.86,22-06-2020,Peru
95,Mauricio,Shynn,mshynn2m@printfriendly.com,Male,253.198.47.15,15-11-2020,Kosovo
96,Bobbette,Ludvigsen,bludvigsen2n@so-net.ne.jp,Female,58.56.250.72,30-04-2021,France
97,Tate,Richardon,trichardon2o@gizmodo.com,Male,188.45.172.33,12-12-2020,United States
98,Clareta,Barehead,cbarehead2p@cafepress.com,Male,223.180.127.244,17-08-2020,Ukraine
99,Anselma,Shillom,ashillom2q@wikipedia.org,Male,101.28.230.250,13-10-2020,Portugal
100,Louella,Keggins,lkeggins2r@tuttocitta.it,Female,75.161.104.252,11-07-2020,Finland
101,Donnell,Noblett,dnoblett2s@amazonaws.com,Male,107.251.54.104,18-03-2021,Netherlands
